{"train/loss": 0.0717437561554719, "train/precsion": 0.8708609271523179, "train/recall": 0.706989247311828, "train/f1-macro": 0.8841678849017323, "_timestamp": 1708147086.3776975, "_runtime": 445.85062742233276, "_step": 19, "valid/loss": 0.05308279790569761, "valid/precsion": 0.9487179487179487, "valid/recall": 0.7956989247311828, "valid/f1-macro": 0.9289915958359363, "_wandb": {"runtime": 444}}