{"train/loss": 0.2980753017755428, "train/precsion": 0.8811410459587956, "train/recall": 0.8695652173913043, "train/f1-macro": 0.8774201322820454, "_timestamp": 1708082008.1482503, "_runtime": 51.29919934272766, "_step": 0}