{"train/loss": 0.06253273844215235, "train/precsion": 0.9778621125869703, "train/recall": 0.9757021142316188, "train/f1-macro": 0.9772456529713054, "_timestamp": 1708063325.655373, "_runtime": 565.6708920001984, "_step": 19, "valid/loss": 0.05446225694855583, "valid/precsion": 0.7355371900826446, "valid/recall": 0.956989247311828, "valid/f1-macro": 0.90992363575556, "_wandb": {"runtime": 559}}