{"train/loss": 0.1398468977658742, "train/precsion": 0.9439733494851605, "train/recall": 0.9511748550503509, "train/f1-macro": 0.94660201533576, "_timestamp": 1708172653.2349803, "_runtime": 188.4625642299652, "_step": 7, "valid/loss": 0.055743242597834454, "valid/precsion": 0.743801652892562, "valid/recall": 0.967741935483871, "valid/f1-macro": 0.9149278782135846, "valid/roc_curve_table": {"_type": "table-file", "sha256": "439e517909a1d4030993cf90e23e4027bedbdc11606d8a91bb0c358ab2e2a895", "size": 5368, "artifact_path": "wandb-client-artifact://s1766o4bpxoqmqmo0jcncx04bijhus67zen77mvkdo7dxejn6y1zv5hqf22xhew0528ia2fl9lx1kr159ece5px28dtxriu5qgjm6ycdf90k0yabqp7uthmspvsd9421:latest/valid/roc_curve_table.table.json", "_latest_artifact_path": "wandb-client-artifact://s1766o4bpxoqmqmo0jcncx04bijhus67zen77mvkdo7dxejn6y1zv5hqf22xhew0528ia2fl9lx1kr159ece5px28dtxriu5qgjm6ycdf90k0yabqp7uthmspvsd9421:latest/valid/roc_curve_table.table.json", "path": "media/table/valid/roc_curve_table_7_439e517909a1d4030993.table.json", "ncols": 3, "nrows": 168}, "_wandb": {"runtime": 201}}