{"train/loss": 0.06354960739096922, "train/precsion": 0.9784615384615385, "train/recall": 0.9808760024676126, "train/f1-macro": 0.9795756370529253, "_timestamp": 1708082583.3002708, "_runtime": 472.66491889953613, "_step": 19, "valid/loss": 0.017517290504575515, "valid/precsion": 0.9285714285714286, "valid/recall": 0.978494623655914, "valid/f1-macro": 0.9749600141865706, "confusion_matrix_table": {"_type": "table-file", "sha256": "a9f555fdfdc7e1903f449ecee8060212f3560ff1e287d6791d3359d98d1028ef", "size": 222, "artifact_path": "wandb-client-artifact://clxhzizby7fugg7usz96gfgjnifka8kbceskh3ln4jhawfj87r0gxwulw5dvji6ozyrozeifjq14xyn4sxz8roge8c5qlpzhopaf556f17c64jr1nhog4uevmyl8uwqr:latest/confusion_matrix_table.table.json", "_latest_artifact_path": "wandb-client-artifact://clxhzizby7fugg7usz96gfgjnifka8kbceskh3ln4jhawfj87r0gxwulw5dvji6ozyrozeifjq14xyn4sxz8roge8c5qlpzhopaf556f17c64jr1nhog4uevmyl8uwqr:latest/confusion_matrix_table.table.json", "path": "media/table/confusion_matrix_table_19_a9f555fdfdc7e1903f44.table.json", "ncols": 3, "nrows": 4}, "_wandb": {"runtime": 471}}