{"train/loss": 0.06358199254139948, "train/precsion": 0.9769836462749849, "train/recall": 0.9787621359223301, "train/f1-macro": 0.9774000108832734, "_timestamp": 1708182614.2134302, "_runtime": 478.5123071670532, "_step": 19, "valid/loss": 0.024784727173910413, "valid/precsion": 0.8761904761904762, "valid/recall": 0.989247311827957, "valid/f1-macro": 0.9623392794124501, "valid/roc_curve_table": {"_type": "table-file", "sha256": "0d3beb326a5ba095abba1233822ae3fca82b40019331d61897c6ae64c7fd1878", "size": 6338, "artifact_path": "wandb-client-artifact://uxawtjnyg4wn9zgdy854ztslkwxgpc7uz2bs6d7oqrg9kiaj6t7p2pkobvbxnvqnn5em5b55aujq977eveq1dstlojw0m4v14166ox4fi07fchpxeuvnut6x3k54ga9j:latest/valid/roc_curve_table.table.json", "_latest_artifact_path": "wandb-client-artifact://uxawtjnyg4wn9zgdy854ztslkwxgpc7uz2bs6d7oqrg9kiaj6t7p2pkobvbxnvqnn5em5b55aujq977eveq1dstlojw0m4v14166ox4fi07fchpxeuvnut6x3k54ga9j:latest/valid/roc_curve_table.table.json", "path": "media/table/valid/roc_curve_table_19_0d3beb326a5ba095abba.table.json", "ncols": 3, "nrows": 199}, "_wandb": {"runtime": 473}}