{"train/loss": 0.059706117614023425, "train/precsion": 0.9788473329245861, "train/recall": 0.9794478527607362, "train/f1-macro": 0.9789553868605197, "_timestamp": 1708149507.6069381, "_runtime": 449.3028881549835, "_step": 19, "valid/loss": 0.015373901207441473, "valid/precsion": 0.9484536082474226, "valid/recall": 0.989247311827957, "valid/f1-macro": 0.9832243330219039, "_wandb": {"runtime": 448}}