{"train/loss": 0.04054215563371712, "train/precsion": 0.9846478025285972, "train/recall": 0.9858348402652201, "train/f1-macro": 0.9848253817049937, "_timestamp": 1708179736.5352888, "_runtime": 708.2019217014313, "_step": 29, "valid/loss": 0.09097486371456848, "valid/precsion": 0.743801652892562, "valid/recall": 0.967741935483871, "valid/f1-macro": 0.9149278782135846, "valid/roc_curve_table": {"_type": "table-file", "sha256": "37cce67d2f879f22559b275bfb44465598473b62b29bf76a4f5024936251b29d", "size": 5288, "artifact_path": "wandb-client-artifact://9o9tw0m8ad1kgrl6pcbetd6ag5lm52aszvsswil4y1d4fi9jk27w3oi460vpj5tlt4hpgpro879k0zm2cdkokr08dzpaiunesr5kowvxkgp3zrhzzso40q0vi0ndqws0:latest/valid/roc_curve_table.table.json", "_latest_artifact_path": "wandb-client-artifact://9o9tw0m8ad1kgrl6pcbetd6ag5lm52aszvsswil4y1d4fi9jk27w3oi460vpj5tlt4hpgpro879k0zm2cdkokr08dzpaiunesr5kowvxkgp3zrhzzso40q0vi0ndqws0:latest/valid/roc_curve_table.table.json", "path": "media/table/valid/roc_curve_table_29_37cce67d2f879f22559b.table.json", "ncols": 3, "nrows": 165}, "_wandb": {"runtime": 712}}