{"train/loss": 0.16775378785879896, "train/precsion": 0.941010354565422, "train/recall": 0.9354335620711166, "train/f1-macro": 0.9388757013598961, "_timestamp": 1708148526.9994805, "_runtime": 438.7682795524597, "_step": 19, "valid/loss": 0.18363800462262303, "valid/precsion": 0.50625, "valid/recall": 0.8709677419354839, "valid/f1-macro": 0.8048845210279598, "_wandb": {"runtime": 436}}