{"train/loss": 0.044202706486889794, "train/precsion": 0.893491124260355, "train/recall": 0.8118279569892473, "train/f1-macro": 0.9210135403119437, "_timestamp": 1708173386.341397, "_runtime": 685.2679870128632, "_step": 29, "valid/loss": 0.06518937520047642, "valid/precsion": 0.967741935483871, "valid/recall": 0.6451612903225806, "valid/f1-macro": 0.8814094163774937, "valid/roc_curve_table": {"_type": "table-file", "sha256": "57bc8a81effc23e28a6514e142a0e17c34a6e40321533b913e8706ebef28c496", "size": 10876, "artifact_path": "wandb-client-artifact://e9c2ls186k1bl6q7hgipp7rn84fzeukggv9l7ugk3ahcaym2dg5mghb45vs9huz3d54712c8t7kcatgwu9yvnts7w42wnlacyf1a30i4cs3xllg13er20qdp9uu98xus:latest/valid/roc_curve_table.table.json", "_latest_artifact_path": "wandb-client-artifact://e9c2ls186k1bl6q7hgipp7rn84fzeukggv9l7ugk3ahcaym2dg5mghb45vs9huz3d54712c8t7kcatgwu9yvnts7w42wnlacyf1a30i4cs3xllg13er20qdp9uu98xus:latest/valid/roc_curve_table.table.json", "path": "media/table/valid/roc_curve_table_29_57bc8a81effc23e28a65.table.json", "ncols": 3, "nrows": 340}, "_wandb": {"runtime": 685}}