{"train/loss": 0.0383310132399514, "train/precsion": 0.9855473554735548, "train/recall": 0.9867610837438424, "train/f1-macro": 0.9860741219564749, "_timestamp": 1708172301.386683, "_runtime": 685.2216448783875, "_step": 29, "valid/loss": 0.037359910188345086, "valid/precsion": 0.8, "valid/recall": 0.989247311827957, "valid/f1-macro": 0.9383394383394383, "valid/roc_curve_table": {"_type": "table-file", "sha256": "67062e1be9053635da8e1601c10a3fd9540f1979459596172bef524ec444fbf0", "size": 2973, "artifact_path": "wandb-client-artifact://1wy0wezlrybm93c2slw9x6px952z4lei1mqp5stp0upqviqt5v2iz2w63wl5qu1vjqo2lizeujg7hotept0hthi2j7krtvq0ma24vybzy8bkw5nq04ylxj1bw9ellbjw:latest/valid/roc_curve_table.table.json", "_latest_artifact_path": "wandb-client-artifact://1wy0wezlrybm93c2slw9x6px952z4lei1mqp5stp0upqviqt5v2iz2w63wl5qu1vjqo2lizeujg7hotept0hthi2j7krtvq0ma24vybzy8bkw5nq04ylxj1bw9ellbjw:latest/valid/roc_curve_table.table.json", "path": "media/table/valid/roc_curve_table_29_67062e1be9053635da8e.table.json", "ncols": 3, "nrows": 93}, "_wandb": {"runtime": 684}}