{"train/loss": 0.05732665845656325, "train/precsion": 0.88, "train/recall": 0.7688172043010753, "train/f1-macro": 0.9052191834612857, "_timestamp": 1708181817.38709, "_runtime": 468.22307991981506, "_step": 19, "valid/loss": 0.0638414558892295, "valid/precsion": 0.8955223880597015, "valid/recall": 0.6451612903225806, "valid/f1-macro": 0.8684895833333333, "valid/roc_curve_table": {"_type": "table-file", "sha256": "fe8adf871e51c300bc771d2bc6db720882481397226436577ff1ca1d38b58006", "size": 8834, "artifact_path": "wandb-client-artifact://nr57wzhgbu9gmia0508i686q26yjlm80dfje595rlvffg855iqb6qr6eo22b5pl8mpbx18nbnj0w1s9q2zrnpul2aswaexhvb40v45y5feszxj80wo8uvioo9stmlnr7:latest/valid/roc_curve_table.table.json", "_latest_artifact_path": "wandb-client-artifact://nr57wzhgbu9gmia0508i686q26yjlm80dfje595rlvffg855iqb6qr6eo22b5pl8mpbx18nbnj0w1s9q2zrnpul2aswaexhvb40v45y5feszxj80wo8uvioo9stmlnr7:latest/valid/roc_curve_table.table.json", "path": "media/table/valid/roc_curve_table_19_fe8adf871e51c300bc77.table.json", "ncols": 3, "nrows": 276}, "_wandb": {"runtime": 456}}