{"train/loss": 0.0629785871527983, "train/precsion": 0.8734567901234568, "train/recall": 0.760752688172043, "train/f1-macro": 0.9012943957293634, "_timestamp": 1708084828.7022278, "_runtime": 464.3736298084259, "_step": 19, "valid/loss": 0.08385645138851303, "valid/precsion": 1.0, "valid/recall": 0.5268817204301075, "valid/f1-macro": 0.8379506814348876, "confusion_matrix_table": {"_type": "table-file", "sha256": "8c5b26e0cddecb0cc4a75e7e8b9d550edcba3b8c1ce0b7946ef0e1e5e746da99", "size": 223, "artifact_path": "wandb-client-artifact://g5qbenmj8165rq72gf55t7y21jqpn4jk31qr8tjgx7bf7mie2d7ckaxeqv6bat1uxp9jjxndu7tvw51z7wqu14g8jz9dc9lad6l7uyej34u2olv3p9olvvnju8i7kf1p:latest/confusion_matrix_table.table.json", "_latest_artifact_path": "wandb-client-artifact://g5qbenmj8165rq72gf55t7y21jqpn4jk31qr8tjgx7bf7mie2d7ckaxeqv6bat1uxp9jjxndu7tvw51z7wqu14g8jz9dc9lad6l7uyej34u2olv3p9olvvnju8i7kf1p:latest/confusion_matrix_table.table.json", "path": "media/table/confusion_matrix_table_19_8c5b26e0cddecb0cc4a7.table.json", "ncols": 3, "nrows": 4}, "_wandb": {"runtime": 462}}