{"epoch": 10, "Loss": 0.024784727173910413, "Precision": 0.8761904761904762, "Recall": 0.989247311827957, "F1-Macro": 0.9623392794124501}